Freq. Range[13,1.999000e+01]
Name;#Ephocs;FP1;FPZ;FP2;AF3;AF4;F7;F5;F3;F1;F2;F4;F6;F8;FC5;FC3;FC1;FCZ;FC2;FC4;FC6;T7;C5;C3;C1;C2;C4;C6;T8;TP7;CP5;CP3;CP1;CPZ;CP2;CP4;CP6;TP8;P7;P5;P3;P1;PZ;P2;P4;P6;P8;PO7;PO3;POZ;PO4;PO8;O1;OZ;O2
65_BL_01.set;80;-0.389623;-4.748882;-2.810838;-3.349465;-4.976676;-1.540318;-2.288263;-3.749947;-3.449266;-5.432027;-6.097516;-6.402632;-4.493438;-2.112605;-1.137161;-5.972065;-5.858549;-6.170645;-8.696745;-6.198912;-1.865454;-1.573964;-2.693109;-4.510099;-10.672746;-6.010766;-5.678079;-3.566065;-0.759634;-3.106871;-0.487377;-8.906200;-9.019807;-3.287103;-6.972904;-7.681515;-3.721094;1.414217;-1.169146;-0.790479;-4.881857;-4.736546;-2.962793;-3.426517;-2.649439;0.050330;0.976144;-0.833860;-6.515993;-1.646755;0.985403;0.086358;-0.712905;-0.124982
65_BL_02.set;80;-5.163587;-5.197203;-4.457847;-5.807658;-4.658705;-3.198585;-4.579968;-6.359888;-7.537571;-6.854833;-5.328164;-2.718749;-0.893593;-3.690464;-7.411453;-10.176353;-11.945501;-10.735725;-6.779097;-4.546237;-2.894159;-4.012282;-9.188863;-14.633416;-14.365126;-8.812124;-5.166338;-2.553612;-2.691637;-6.233788;-9.970176;-12.285783;-22.238714;-13.024253;-8.043567;-4.874966;-1.387935;-2.194612;-4.530034;-7.322187;-9.447433;-15.435735;-9.159362;-6.790220;-3.940583;-0.749145;-1.032197;-4.429638;-5.740819;-3.150821;0.123417;-2.914370;-3.319964;-1.488147
65_EV_01.set;80;-1.538204;-6.649635;-4.586495;-4.692499;-5.962913;-3.928577;-4.503943;-5.891335;-5.010039;-7.102653;-6.250190;-5.325263;-4.439351;-4.611731;-3.811186;-7.882666;-7.221395;-7.751672;-8.951630;-7.181050;-2.868130;-4.155928;-4.252438;-5.770352;-12.490818;-7.638307;-7.762497;-5.844550;-1.598498;-4.044889;-2.796031;-10.138687;-10.945457;-6.816176;-8.445288;-9.745799;-5.830344;0.847735;-1.617698;-1.960777;-6.093707;-5.146940;-4.484948;-4.311550;-2.619220;-2.036138;0.923949;-0.636833;-5.493233;-2.067378;-2.769716;0.294306;-1.079632;-0.875720
65_EV_02.set;80;-5.534665;-6.098077;-5.568785;-7.373557;-6.172172;-6.711721;-7.096059;-8.034912;-9.020684;-8.920734;-7.735753;-5.743137;-4.275024;-7.399983;-10.292383;-12.283587;-13.779925;-12.907222;-9.342449;-7.500150;-1.569145;-7.905402;-12.618871;-16.956428;-15.505122;-11.403176;-7.479436;-1.478864;-3.749809;-8.040551;-12.216195;-15.327090;-22.072471;-15.961036;-12.307842;-8.476006;-2.929958;-2.745146;-5.838628;-8.985387;-11.049393;-16.704764;-12.333492;-10.890850;-6.834499;-2.296938;-1.099164;-4.975201;-6.112847;-4.652715;-0.684287;-1.201341;-2.029066;-1.565962
65_T1_01.set;80;-2.373392;-6.198827;-5.068502;-4.683652;-6.203341;-3.999370;-4.669996;-5.786397;-6.153337;-7.112631;-6.563172;-5.452249;-4.767558;-4.729486;-6.533372;-8.107478;-8.673877;-8.949340;-9.048363;-7.280691;-3.236625;-4.201807;-4.696897;-6.463131;-12.782394;-8.000079;-8.334731;-6.053697;-1.795125;-4.442905;-3.158819;-10.775348;-13.425501;-8.880953;-9.477451;-10.043446;-6.496083;0.391086;-2.138377;-3.129566;-6.748415;-6.583187;-6.570018;-5.633678;-4.037254;-0.765186;0.441351;-1.314806;-6.678187;-5.213595;-0.470628;-0.319024;-1.764284;-1.205238
65_T1_02.set;80;6.211140;6.570238;7.995539;1.175725;3.253549;-4.282873;-3.491943;-4.333682;-4.171073;-3.816349;-2.651479;-1.200162;-1.277839;-6.592537;-9.317751;-10.760835;-12.571438;-13.846732;-7.997827;-3.929926;-1.256497;-5.335283;-11.344323;-15.352457;-15.491203;-8.410767;-3.921053;-0.319983;0.260810;-6.035899;-9.965143;-13.851157;-17.209431;-12.906802;-7.851625;-3.524213;2.049541;-0.185241;-3.284293;-7.514199;-6.413599;-10.454922;-7.367475;-4.173547;-1.299573;1.908833;1.221742;-2.518760;-2.876807;-0.211731;3.373168;1.959918;1.515095;2.674350
66_BL_01.set;80;1.216900;-2.271111;-3.772657;4.152612;-3.021072;3.579487;8.639724;-0.055468;-1.946686;-1.901687;1.790356;1.366651;4.185148;4.154771;-2.085358;-3.257513;-10.701586;-6.230671;-2.893484;2.482142;3.406147;2.417570;-3.475182;-6.895878;-10.564822;-8.428054;-7.186474;6.898716;-5.050506;-3.849640;-9.570421;-12.303242;-5.121644;-12.952803;-8.388848;-4.522454;3.269241;-5.172521;-0.987128;-8.920076;-0.399916;-9.323713;-10.762161;-5.419593;-5.849860;-4.843583;-2.491957;1.456007;-4.676384;-0.361740;-2.696301;-1.536876;0.030286;-0.054826
66_BL_02.set;80;-2.275908;-2.154459;-1.512803;-2.926354;-2.664772;1.373824;1.475375;-2.718410;-4.880073;-4.475028;-1.069530;-2.521984;-0.279782;0.329272;-2.899917;-9.874085;-4.511011;-4.052688;-3.694690;0.594959;0.078253;-0.009744;-3.760177;-10.436178;-7.138382;-5.089603;-1.852414;-0.201450;-1.026309;-0.173195;-1.507762;-9.477785;-26.032951;-4.922844;-6.891028;-2.412672;-1.003910;-2.721814;-1.205209;-1.089147;-5.057623;-5.000011;-3.748449;0.321578;-0.138638;-1.495255;-0.958681;0.794114;1.140513;1.798998;0.508349;-0.282956;0.168290;0.777596
66_EV_01.set;80;4.499394;2.763661;2.736532;-0.691112;-1.027853;-3.102092;-3.173536;-3.229669;-6.999419;-7.222949;-3.835104;0.529916;-1.338235;-5.255809;-8.985626;-10.078793;-9.827927;-9.107469;-7.355057;-2.001675;1.115572;-6.375456;-10.617647;-12.718101;-13.098028;-9.600406;-7.398421;-1.155282;-0.964829;-6.231129;-9.640867;-13.043734;-12.007922;-12.767788;-10.190184;-6.900426;-2.394443;1.470192;-2.932426;-7.746143;-7.920796;-10.416463;-8.247111;-6.497123;-4.315534;-0.919359;2.348704;-2.623951;-4.437203;-2.447958;0.642581;0.472768;-0.667494;0.494858
66_EV_02.set;80;-0.051300;-0.833401;-0.018244;-1.559267;-2.175838;0.643183;1.222753;-2.594547;-4.168825;-4.399804;-1.925988;-2.810242;-0.759523;-3.619486;-4.445779;-7.590500;-5.581591;-6.001504;-5.378915;-0.604411;-1.148926;-2.394241;-6.354142;-12.810585;-9.609279;-7.488668;-5.316962;-2.308457;-1.556698;-1.525807;-3.250079;-11.747583;-26.103348;-7.010570;-9.720465;-7.618779;-2.829150;-0.773291;-0.714101;-2.290674;-6.715687;-6.232402;-4.576957;-1.126302;-1.922878;-1.266641;1.767149;1.097904;0.609832;0.978654;-0.412483;1.593299;0.523240;-0.984997
66_T1_01.set;80;5.797506;4.178872;4.178359;-0.453152;0.374644;-3.536962;-3.637292;-3.321495;-5.613669;-6.287035;-3.539052;0.386392;-0.527238;-5.738316;-9.741097;-13.730669;-10.170792;-9.115492;-7.095718;-2.161287;0.121916;-7.417488;-10.745209;-13.641757;-13.122381;-9.746145;-7.271043;-1.052313;-1.795536;-6.634474;-9.956493;-13.362921;-12.650182;-12.234993;-10.674596;-7.268798;-2.162232;0.878640;-3.322771;-7.580663;-7.588469;-10.183514;-9.121911;-6.626887;-4.485099;-1.319314;1.875857;-2.697799;-4.669174;-2.708295;0.052655;0.081571;-1.129087;0.115577
66_T1_02.set;80;3.736272;1.351516;-0.497392;-1.291105;-4.019576;-0.036583;-0.867051;-3.332793;-4.570271;-4.983377;-3.047816;-3.460201;-0.869431;-3.189333;-5.062799;-7.873811;-5.105317;-6.564945;-5.631953;-0.849805;0.627872;-2.575116;-6.791318;-12.126046;-10.889234;-7.285856;-2.155299;-0.940538;1.492477;-0.344162;-4.636997;-12.080820;-25.767710;-8.291899;-8.686452;-3.096705;-1.193959;1.429052;-0.643715;-2.471009;-7.382431;-6.289912;-5.196089;-1.154389;-1.309078;-1.054209;1.480454;0.276579;-0.440577;0.882113;0.925640;-0.452928;-1.225039;-0.819287
67_BL_01.set;80;-9.581351;-10.725603;-11.953201;-9.936193;-9.732986;-8.491166;-8.447365;-8.779634;-12.007366;-14.942684;-15.340556;-15.017268;-14.147055;-9.186668;-10.200320;-9.861104;-12.890182;-15.801595;-15.954722;-15.369309;-6.362156;-9.036436;-12.850259;-16.354547;-13.996607;-11.879459;-10.562276;-10.072039;-4.985636;-8.330943;-11.962080;-14.501876;-15.568058;-13.944103;-12.541544;-8.710316;-6.431348;-7.282844;-7.737468;-8.007552;-8.215912;-11.109754;-8.600221;-7.450336;-6.712080;-6.745191;-7.397261;-5.437377;-6.979887;-4.863054;-3.996401;-4.739723;-4.807560;-4.678180
67_BL_02.set;80;-1.203941;-0.899959;-0.431824;-1.399575;-1.256417;-0.458425;-1.209101;-2.020546;-2.794618;-2.680448;-2.125611;-1.323336;-0.350773;-2.127749;-3.410969;-4.861219;-5.103047;-4.631308;-3.366479;-1.752397;-0.159721;-2.902783;-5.331072;-10.487712;-9.110114;-5.920979;-3.281669;-1.500954;-0.981720;-3.264752;-4.618763;-9.279020;-25.566016;-13.646351;-9.055158;-5.142151;-2.024978;-1.634099;-1.908374;-1.581115;-2.219256;-4.333371;-4.851216;-3.964848;-2.946082;-2.181157;-0.979175;2.556490;2.106224;3.519814;1.596270;1.219041;1.814233;2.861768
67_EV_01.set;80;-8.101154;-6.158750;-5.406097;-9.554945;-8.665457;-8.659500;-8.805274;-9.421349;-11.505534;-10.952505;-10.934940;-10.719191;-9.040943;-7.147266;-9.106249;-11.144329;-13.896853;-10.340869;-10.168253;-10.052636;-5.794596;-8.922190;-11.024121;-15.691333;-13.147230;-9.943129;-8.441726;-7.928710;-4.515366;-7.993757;-12.444228;-14.670771;-15.078756;-14.211017;-11.578677;-7.304103;-6.364153;-7.197172;-8.004741;-8.485486;-8.749468;-11.445812;-10.279928;-8.965128;-8.510935;-8.595257;-7.313276;-6.186937;-6.873639;-2.307046;-3.442616;-3.105749;-3.042187;-1.593765
67_EV_02.set;80;0.370623;-0.502503;0.271648;-2.691707;-0.781006;-1.638339;-2.906914;-3.839847;-5.572385;-6.146119;-5.078072;-3.848160;-2.299963;-4.176665;-5.849655;-6.061635;-7.786165;-7.620620;-3.328565;-2.494579;-1.928334;-5.109293;-4.219125;-10.939446;-10.955494;-7.612823;-3.190629;-1.543833;-1.134574;-3.055115;-6.262820;-7.533367;-20.880758;-11.300854;-7.660416;-4.876941;-0.781478;0.772305;-2.613229;-4.451013;-5.924226;-5.907803;-6.896122;-6.130575;-2.136467;1.502789;3.449929;1.065250;-0.394901;1.297706;5.097595;4.378358;2.475411;4.716882
67_T1_01.set;80;-8.416141;-7.164903;-7.122509;-8.864680;-10.059424;-4.458846;-5.656367;-6.637647;-11.206849;-14.384215;-14.457622;-14.447483;-12.392918;-5.045891;-8.174285;-11.123171;-14.271168;-14.150202;-14.276807;-13.630618;-4.438160;-6.873896;-10.161454;-15.215742;-13.447751;-10.597863;-7.461871;-6.447889;-2.604141;-6.982138;-11.816669;-14.933755;-15.081551;-14.022753;-10.435736;-6.126059;-4.372575;-4.549007;-8.180104;-9.194117;-9.717419;-10.937975;-10.117468;-8.252933;-5.067638;-5.053696;-4.885529;-5.720990;-7.025144;-4.790017;-2.920975;-2.138621;-3.358922;-4.530284
67_T1_02.set;80;-4.594599;-2.856403;-2.465378;-4.130625;-4.201038;-2.237328;-3.553561;-4.520369;-5.722402;-7.691036;-5.780505;-3.866808;-2.140661;-4.219660;-6.069343;-7.640263;-8.199891;-8.060862;-6.208716;-4.022717;-1.732217;-5.012281;-7.737211;-13.184841;-12.046138;-8.406255;-4.179274;-0.515684;-0.967495;-4.409172;-7.656313;-12.431234;-21.365269;-12.018771;-7.295247;-3.757084;0.321676;0.967317;-2.300622;-4.242804;-5.400160;-6.379790;-5.232523;-2.585429;-0.601800;1.441793;3.926660;1.294785;0.525784;3.065358;4.618657;5.240020;4.040225;5.077104
68_BL_01.set;80;-2.302909;-3.151690;-1.459480;-3.274902;-3.070591;-3.899352;-4.106228;-4.302875;-4.208037;-5.855873;-3.836969;-2.421558;-1.959231;-5.612598;-5.794962;-6.270661;-7.654495;-6.090708;-5.102942;-3.098470;-4.378190;-5.844288;-5.992526;-5.808687;-7.099153;-6.154684;-5.427038;-3.666353;-5.200629;-5.750748;-5.734580;-6.782017;-3.971253;-1.328757;-6.402202;-5.469867;-5.091727;-5.628269;-6.039971;-6.487682;-6.904931;-7.656167;-7.325527;-6.637477;-6.053894;-5.370996;-5.705019;-6.181818;-5.574251;-5.974477;-4.963651;-6.366952;-6.043188;-5.260317
68_BL_02.set;80;1.341606;0.903743;1.086733;-0.146376;0.388785;1.590582;0.445066;-1.679429;-3.436248;-2.690807;-0.935318;0.810118;1.376241;-0.182293;-3.121267;-7.791301;-7.710972;-4.943012;-3.045188;-0.772337;0.699057;-1.254687;-4.354359;-9.132977;-9.754553;-5.573961;-2.599510;-2.126360;0.456465;-1.242138;-4.831539;-10.206392;-27.162208;-11.097570;-5.355771;-2.932712;-3.386877;0.784350;-1.289539;-4.146734;-7.562297;-9.721901;-6.433360;-3.818033;-1.766185;-1.079389;1.205174;-2.285116;-4.319750;-1.670987;1.180286;1.041174;-0.261210;0.553571
68_EV_01.set;80;6.120585;4.966963;4.388594;1.468430;3.177152;1.767376;0.886099;5.076616;-1.117876;-2.742428;5.428852;1.255211;2.223497;-7.977405;-8.136382;1.098733;-13.832805;0.895979;-9.478311;-6.449534;-1.939283;-10.343924;-5.974599;-7.532829;-1.445611;-14.574599;-11.093971;-0.149670;-3.936852;-11.723603;3.170456;-17.112760;-2.845444;-1.344226;-14.251809;-11.474043;-9.581644;-4.611289;-6.076797;-1.651714;4.396798;5.215877;-10.474998;-0.607931;-5.600612;-8.417869;-6.239419;3.610936;0.663204;-10.282685;-1.678319;-8.509670;-7.375753;-7.211061
68_EV_02.set;80;-0.119271;-0.447217;-0.433350;-1.128030;-1.185531;-0.161047;-1.051542;-2.237909;-2.890904;-3.365739;-2.588302;-1.375558;-0.827133;-2.113591;-3.754136;-5.482167;-5.954579;-5.648667;-4.584252;-2.823514;-0.766997;-3.816842;-6.778731;-10.641529;-11.140238;-7.136825;-3.956446;-2.438601;-0.668883;-3.976694;-8.631240;-14.037125;-26.234889;-13.145110;-7.170023;-4.090630;-3.129024;0.697272;-2.354382;-5.665440;-9.729186;-9.841333;-7.855858;-6.122428;-2.667343;-0.713412;1.924713;-0.807020;-2.022076;-0.722256;2.685952;1.837659;1.391986;2.395413
68_T1_01.set;80;0.025951;-2.580259;-2.847574;-4.245956;-2.867170;-7.903948;-7.618616;-7.213353;-9.273936;-12.047739;-7.184103;-8.012026;-3.343272;-11.299197;-12.863196;-14.042503;-16.630751;-13.798081;-10.544185;-4.789357;-6.548636;-12.157931;-15.378127;-19.569714;-18.641392;-14.714562;-11.141752;-6.506900;-8.351148;-12.705977;-15.393500;-17.870903;-25.193996;-18.866658;-15.103251;-11.319946;-9.773624;-8.686055;-11.123296;-13.828932;-14.202635;-14.319974;-15.107582;-12.537880;-11.153273;-9.776787;-8.042015;-10.912014;-10.316654;-10.825731;-8.681101;-9.152506;-9.062501;-8.440316
68_T1_02.set;80;-1.802854;-2.236262;-1.618496;-3.134786;-2.350608;-0.603640;-2.000543;-4.325476;-6.341138;-5.714842;-3.559199;-1.542268;-0.349656;-2.715843;-4.935267;-9.764059;-12.898069;-7.766066;-5.180207;-2.783895;-1.109586;-3.939536;-7.126261;-11.557359;-11.561652;-7.000464;-3.679808;-0.937179;-1.461694;-4.194047;-8.225750;-13.303971;-25.846478;-13.158552;-6.934579;-3.511034;-0.730577;-1.051382;-4.727743;-7.113581;-10.819351;-11.141731;-7.981703;-4.557173;-1.245991;0.857414;0.280072;-2.277693;-2.064471;0.187102;3.654491;1.159003;1.506666;3.128273
69_BL_01.set;80;-2.916001;-4.216753;-3.484346;-4.061336;-4.446302;-1.150586;-2.997714;-5.471853;-7.142858;-6.660961;-5.559579;-3.644890;-2.402359;-4.252581;-7.865904;-9.247781;-10.152524;-8.798705;-7.065415;-5.153759;-0.841073;-5.240880;-9.374806;-15.469521;-12.449102;-9.975289;-7.172265;-5.129868;-1.456746;-5.526184;-9.110273;-15.253683;-16.966586;-14.338069;-10.216666;-8.148222;-4.287813;-1.468740;-4.159716;-6.992122;-9.508187;-9.303419;-14.137374;-10.148706;-6.696610;-3.611627;-1.005099;-3.744056;-5.649989;-4.918537;-1.197818;-3.192304;-3.955770;-1.225028
69_BL_02.set;80;1.582860;-0.424703;-0.594074;-0.574648;-0.882524;-0.397336;-1.211063;3.027863;1.526844;1.770967;0.222385;1.782157;2.487043;-3.473918;1.447163;3.330446;-0.255895;5.660453;-1.618172;-0.514475;-1.399586;-3.540786;0.276602;1.315359;-4.829742;-7.751943;-1.440338;1.679542;1.042561;-4.014341;-7.094346;-10.282825;-14.485735;-11.422403;-6.846850;-4.271743;1.036895;4.833161;0.352366;-0.091093;-5.608857;-6.668138;-3.390580;-0.221955;3.157804;2.480320;4.185527;3.268391;-0.338182;1.329653;1.114596;3.129240;2.320850;1.096837
69_EV_01.set;80;-1.668636;-3.334697;-3.859441;-4.307292;-1.530452;-1.533090;3.766604;-4.818850;-7.846410;-7.416510;-7.118697;-2.933677;-2.015319;-5.029497;-8.796340;-5.470314;-12.122293;4.638839;-7.489058;-3.717220;1.117827;-2.262807;0.419164;-0.118905;-13.291369;0.662119;-2.455770;-0.200485;-0.487628;-4.000891;-10.066086;-3.597146;2.116303;-9.329057;5.017744;-1.172689;1.592434;0.158899;-0.748759;-6.966887;-0.137968;-5.169541;-2.490578;-3.912009;-0.886924;0.502227;2.054951;-2.007130;-3.574837;-1.747373;3.067490;0.773795;0.259502;2.049788
69_EV_02.set;80;0.789528;0.313830;0.774884;-2.501827;-1.306772;-3.805078;-3.993936;-5.614785;-6.326905;-5.137723;-4.664928;-2.984637;-2.375473;-8.254627;-9.633467;-5.077733;-8.852017;-7.526210;-6.915608;-4.767891;-4.132572;-9.986894;-12.165234;-14.427687;-13.394131;-8.183973;-5.369232;-1.681883;-1.658898;-5.212986;-8.789433;-12.016515;-15.870877;-11.220789;-7.190127;-4.162899;-0.875927;1.425918;-1.257242;-3.171321;-5.052738;-6.159353;-6.463203;-4.530384;-2.109235;0.916147;3.206235;2.125484;0.809155;0.567894;2.360477;3.603407;3.152822;3.180940
69_T1_01.set;80;-0.340835;-2.354744;-2.836383;-3.737929;-4.803321;-1.551147;-3.433031;-6.088886;-8.503592;-8.066757;-5.752004;-3.159015;-0.757544;-4.737733;-9.075395;-6.247862;-11.961817;-9.520162;-7.171518;-2.958567;-0.544767;-5.345875;-9.882221;-15.196207;-14.303863;-5.168625;-3.543335;0.018817;-0.113743;-4.771785;-8.890795;-14.879280;-17.281939;-14.221158;-8.073618;-3.747559;1.303297;0.737885;-2.620125;-5.850456;-8.967646;-8.363417;-8.405721;-5.150691;-2.575577;0.793780;2.044835;-2.038972;-2.876455;-1.120927;2.557207;0.989812;0.858329;2.707563
69_T1_02.set;80;3.104624;2.947594;4.102010;-1.818545;0.000106;-3.504140;-4.964295;-6.929175;-6.719630;-4.964606;-4.130107;-2.609451;-1.910953;-7.728920;-11.068890;-3.420107;-9.504364;-7.342897;-7.036684;-4.719799;-2.654913;-8.383397;-15.455713;-15.741790;-13.363149;-8.640985;-5.592497;-1.490489;-0.956882;-4.666354;-8.674716;-11.815741;-16.251423;-11.760887;-7.679578;-4.518082;-0.852829;1.701998;-1.020667;-3.079287;-5.232673;-6.487076;-7.032300;-5.251347;-2.329190;0.859993;3.147086;1.794174;0.235712;-0.106689;1.916531;3.177010;2.605033;2.545287
70_BL_01.set;80;-0.354559;-0.829853;-0.036074;-0.627147;-0.438730;0.857285;-0.288825;-2.287176;-3.109023;-2.541546;-1.279665;0.788045;2.228617;-1.406758;-4.506871;-5.920251;-7.178073;-4.927540;-2.754846;-0.076151;0.107491;-1.921988;-5.092162;-10.833704;-10.962512;-4.852857;-0.995928;2.147227;0.032074;-1.711896;-4.559699;-10.903392;-24.542325;-10.975343;-4.735366;-1.180844;2.527578;1.971098;-0.824437;-2.792041;-5.632610;-6.398976;-6.486384;-2.620552;0.120969;2.856823;2.704519;-0.109434;-1.046365;-0.060194;3.454002;2.892441;2.006576;2.645981
70_BL_02.set;80;1.370657;1.406767;1.655058;0.450674;0.241507;1.998589;0.837094;-0.725852;-1.856275;-1.823167;-0.604271;0.868964;2.763393;-0.035070;-2.468580;-6.294289;-5.140059;-4.428357;-0.781174;1.409928;2.804068;-0.075616;-2.651298;-8.272137;-11.771800;-1.473983;0.480243;2.600871;3.236966;1.576993;-0.154410;-3.426059;-5.359173;-5.675257;-0.556962;1.643815;2.859289;4.344761;5.099438;4.267789;3.360089;4.418779;3.085362;4.664890;4.822251;4.517764;6.253250;8.040040;7.367595;8.607962;6.710224;6.360049;7.159469;8.212314
70_EV_01.set;80;-5.782851;-5.028029;-4.317229;-7.355590;-6.496697;-3.600750;-5.761414;-8.049927;-9.122677;-8.287449;-6.953640;-4.928295;-3.555327;-5.762244;-10.256359;-12.035957;-12.934325;-10.283599;-8.130001;-5.376398;-2.448627;-6.385659;-11.339590;-15.866186;-15.734672;-10.443364;-6.049442;-2.024459;-2.119050;-6.752935;-11.143092;-16.602779;-25.041933;-15.152090;-10.246619;-6.331580;-3.784290;-1.302154;-5.724415;-8.629459;-11.487154;-11.559613;-12.294681;-9.122057;-4.979694;-1.727772;-1.073451;-4.865330;-5.155748;-4.566041;0.336091;-0.486439;-0.820691;-0.153499
70_EV_02.set;80;0.682516;0.725808;1.079728;-0.058140;-0.127600;1.541650;0.228654;-0.607224;-1.199028;-1.696860;-1.033176;-0.015737;1.539621;-0.603318;-2.361708;-4.182546;-4.221591;-4.221009;-2.260632;-1.136754;1.899045;-1.501006;-5.040321;-8.386537;-10.154687;-2.318544;-2.888910;0.450198;2.259967;-1.071269;-4.972397;-12.157108;-9.503374;-15.397398;-5.119254;-3.385842;1.478160;3.234597;0.813212;-0.836966;-2.008851;0.091958;-1.157928;1.522626;2.676564;4.678161;4.961679;4.586836;4.741539;7.260018;6.994060;6.136621;6.863896;7.866958
70_T1_01.set;80;-5.088528;-4.979381;-3.829825;-6.122933;-4.259696;-4.066321;-5.750551;-7.666978;-8.497035;-7.230349;-5.748391;-3.297579;-1.340092;-5.836721;-9.564189;-10.936180;-11.776719;-9.531816;-7.789016;-4.774052;-2.978790;-6.173667;-10.112364;-15.083741;-14.960386;-9.819597;-6.449225;-3.733364;-2.889148;-6.268280;-9.462939;-14.866506;-24.557559;-14.273685;-9.438313;-7.644582;-3.745437;-2.884647;-5.520965;-7.680524;-10.128509;-10.476631;-10.701992;-6.823328;-4.494058;-2.093938;-3.378497;-4.784928;-4.692116;-3.314469;0.673223;-2.129914;-1.345970;0.082269
70_T1_02.set;80;1.595504;1.975289;2.708549;0.115702;0.820914;1.085180;-0.359722;-1.047797;-1.229050;-1.342548;-0.324665;1.171529;2.932050;-2.251401;-3.044637;-4.148987;-3.958523;-3.678404;-0.292443;0.850844;-1.892944;-4.626591;-6.934206;-8.217924;-8.831243;4.468360;-0.591999;1.357134;-1.956429;-4.656104;-4.810718;-7.821138;-9.577503;-7.505020;-1.960559;-1.489120;-0.528574;-0.559673;0.370525;-0.058248;-0.815282;1.013715;0.937978;1.840047;0.367708;-1.142136;4.467576;4.868279;4.854872;6.120920;3.763279;6.986364;3.875339;4.108904
71_BL_01.set;80;-3.171835;-3.256393;-2.852443;-4.311550;-4.106009;-2.157449;-3.505748;-4.097655;-6.380124;-6.577555;-3.539899;-4.363649;-2.158312;-3.675676;-5.820845;-9.382514;-10.857804;-9.926069;-8.076010;-4.702975;-0.221925;-3.399713;-6.999965;-11.552044;-14.180352;-9.100032;-5.421428;0.272035;0.894725;-1.281520;-5.264755;-13.484719;-13.643556;-10.862044;-5.970526;-2.081589;1.005540;2.606694;1.932752;-0.479913;-3.449772;-3.020731;-2.513690;-1.067794;1.814943;4.679765;4.018338;3.521251;1.769649;5.141366;7.373181;1.745291;0.719457;4.136919
71_BL_02.set;80;-5.255679;-5.731643;-4.724451;-4.244106;-7.059560;-5.753211;-5.511210;-7.563449;-8.966150;-8.436163;-6.912728;-5.718441;-7.181529;-7.916438;-9.715907;-12.379140;-13.233972;-11.218361;-9.568637;-5.455620;-5.309179;-8.620853;-11.154719;-16.540238;-14.976385;-11.294764;-6.520022;-5.521010;-5.521011;-7.683391;-11.175926;-15.405334;-15.168570;-13.509173;-10.266446;-5.758598;-0.901481;-5.588170;-7.359712;-9.263135;-10.639592;-11.259704;-10.798244;-9.127811;-7.103176;-6.673402;-5.100955;-7.890885;-7.498926;-6.989424;-8.642373;-5.881004;-6.563919;-7.050805
71_EV_01.set;80;-3.810235;-4.216474;-4.047386;-4.898326;-4.599657;-2.165415;-3.590707;-4.776037;-6.820343;-6.957181;-3.481798;-4.505288;-2.398939;-2.881522;-6.233202;-9.466535;-11.140133;-10.500680;-8.795585;-3.736396;-0.413543;-2.992505;-7.548473;-12.886304;-14.590141;-9.294087;-5.078630;1.988227;-0.474012;-2.761173;-6.095522;-11.167059;-14.363489;-11.674415;-7.747201;-4.325528;-1.340327;-0.421457;-0.578579;-2.556644;-4.756597;-3.823828;-2.857902;-2.417273;-2.080330;-0.519244;0.968332;1.115742;1.258807;3.646410;0.233141;-0.329323;-0.972299;0.590873
71_EV_02.set;80;-5.979648;-6.185226;-4.819498;-6.370918;-7.095770;-7.517280;-7.295313;-9.647698;-10.932559;-9.931808;-8.128406;-6.883793;-5.571518;-9.864918;-11.479871;-13.521427;-13.715198;-11.913294;-10.176171;-8.425875;-6.853489;-10.447075;-13.267577;-18.326466;-16.430281;-12.700653;-8.227717;-5.906140;-5.988652;-9.648569;-13.018589;-16.404267;-17.198061;-14.283399;-12.086533;-9.180592;-3.420971;-4.891642;-7.801579;-12.747202;-11.259830;-10.810149;-10.514653;-8.768787;-6.828642;-4.782793;-3.720751;-6.234823;-6.768830;-5.493865;-6.121311;-3.445166;-4.105367;-3.777291
71_T1_01.set;80;-2.862236;-2.911110;-2.401344;-4.295421;-3.516592;-2.021182;-3.375950;-3.786565;-6.309136;-6.358117;-2.864894;-4.068290;-1.676160;-3.604303;-6.058346;-9.153058;-10.780477;-10.161620;-8.498359;-3.974133;-0.327519;-3.656470;-7.720371;-12.573033;-14.665919;-8.314363;-5.426446;2.304278;0.519978;-2.589712;-7.309105;-17.279220;-13.291297;-11.137324;-7.328858;-4.226734;-0.525527;1.798937;0.166535;-3.044631;-4.560467;-2.525140;-1.365606;-1.556766;-1.621641;0.291392;3.310222;1.970445;2.540279;4.849191;0.979892;2.177963;0.424393;1.606589
71_T1_02.set;80;-4.945889;-7.288049;-7.843074;-7.178481;-8.074477;-6.162787;-7.446040;-9.069919;-10.297820;-10.493763;-8.713986;-7.269757;-5.797462;-8.029966;-10.686682;-12.915434;-15.329308;-12.053194;-10.593902;-7.971920;-4.017906;-8.503371;-12.071833;-15.345128;-14.860374;-13.174670;-7.558842;-5.820482;-3.467333;-7.638767;-11.077099;-14.921838;-16.905274;-15.552206;-11.738089;-9.033559;-6.050168;-3.139348;-6.267808;-9.102001;-10.390960;-11.097476;-10.762995;-8.589776;-6.450974;-4.707111;-3.158587;-5.824110;-6.819113;-4.820161;-1.803851;-4.166926;-3.834596;-1.084174
73_BL_01.set;80;-3.359576;-3.095881;-3.497585;-3.673065;-4.175523;-2.850711;-4.039916;-5.032287;-5.365301;-5.392880;-5.159861;-4.070368;-2.440790;-6.087060;-7.443105;-8.044792;-7.449233;-7.791983;-7.415570;-5.695078;-3.894967;-6.994646;-9.874048;-13.452427;-13.938721;-9.644524;-7.036731;-2.898227;-2.989486;-7.217051;-13.297388;-18.920029;-16.649525;-12.875707;-8.778798;-6.790891;-4.156371;-0.353444;-2.897631;-6.116985;-7.761805;-7.534456;-7.153968;-4.755169;-2.371526;-0.648342;0.331413;-1.667628;-2.776025;-0.123393;0.499567;-0.497076;-1.602701;-0.470621
73_BL_02.set;80;-1.568433;-2.339106;-2.353445;-3.011377;-2.918813;-2.048236;-3.021480;-3.844260;-4.288097;-4.460287;-3.714903;-2.688664;-1.897364;-4.246010;-5.262047;-6.490908;-7.883716;-6.529731;-4.988359;-3.235259;-2.450683;-4.410002;-6.083251;-10.091269;-9.251512;-5.200584;-2.806680;-1.406841;-2.030657;-5.185063;-6.844198;-10.871519;-12.721700;-7.861254;-3.506640;-1.697215;-0.837172;-1.000009;-5.116769;-7.350750;-8.049366;-7.979455;-5.260534;-2.974272;-0.944685;-0.115026;-0.249398;-3.019612;-3.147481;-2.057336;0.705774;0.206711;-0.403126;0.821820
73_EV_01.set;80;-3.360476;-2.396717;-3.346755;-4.328220;-5.996743;-3.781292;-6.052573;-7.569974;-8.331748;-8.142661;-7.813010;-6.384361;-3.851326;-7.878944;-10.175819;-11.574040;-10.605792;-10.854676;-10.156154;-7.710862;-5.128615;-8.643730;-12.009955;-15.357273;-16.794574;-12.161846;-7.904947;-1.285687;-4.257953;-7.033165;-10.534042;-14.061995;-19.122398;-14.388690;-10.874887;-6.066968;-2.642764;-2.587140;-3.473707;-6.079196;-8.421941;-9.379679;-8.606199;-5.472857;-2.998206;-3.030840;0.378215;-1.512522;-3.344918;-0.355352;-0.506595;3.079111;-0.483137;-0.834798
73_EV_02.set;80;0.192521;-1.213755;-0.431020;-4.373298;-3.289800;-4.133258;-5.326848;-6.593042;-7.224499;-6.527485;-5.721740;-4.563436;-4.861263;-6.775005;-8.399460;-10.161192;-11.281653;-9.484519;-7.846498;-5.975378;-3.572962;-6.423200;-8.963800;-12.947751;-12.437453;-8.884997;-6.159622;-2.452683;-2.146154;-5.086315;-8.104508;-12.398291;-16.194441;-12.293475;-7.003259;-4.666091;-2.028198;-0.460524;-3.613541;-6.159301;-8.521453;-10.870236;-11.641994;-6.595348;-3.133291;-0.632049;0.042779;-3.219184;-4.678272;-3.571257;1.214646;-0.201061;-0.715163;1.343093
73_T1_01.set;80;-3.527871;-2.364676;-3.278250;-4.578591;-5.643824;-4.884654;-6.418530;-7.546002;-8.008881;-7.832189;-7.317556;-6.060625;-3.595457;-8.291294;-10.023576;-11.073266;-10.022895;-10.254926;-9.284239;-6.222970;-5.462312;-8.774712;-11.899737;-15.474701;-15.969329;-11.182440;-7.660716;-1.808375;-4.311418;-6.826809;-10.089633;-13.717195;-18.905638;-16.881385;-15.485425;-6.575727;-5.120255;-1.936046;-3.445964;-5.874417;-7.756962;-8.841415;-9.543022;-6.477403;-3.929061;-3.916644;-0.003786;-1.927065;-3.384226;-0.707180;-1.263115;1.639213;-1.303326;-1.439681
73_T1_02.set;80;4.913948;3.186037;3.952356;-1.237755;-0.467259;-3.248584;-4.455799;-5.734312;-6.680537;-6.844318;-5.156686;-3.300987;-2.318496;-6.026236;-7.682360;-9.691862;-11.404878;-9.097287;-7.275563;-5.359147;-3.166542;-6.227668;-8.879830;-12.705257;-12.486362;-8.377667;-5.064335;0.061389;-2.042487;-5.167712;-8.314329;-12.359231;-14.324475;-11.281320;-6.364912;-3.350129;-1.234108;-0.313237;-3.503099;-6.256618;-8.632600;-9.717188;-7.376907;-4.762301;-1.892010;0.380048;0.269167;-2.941317;-3.731940;-1.794369;2.057975;0.116682;-0.095254;2.125406
74_BL_01.set;80;-6.613440;-6.259936;-6.253438;-6.333975;-7.937099;-7.002960;-5.829909;-7.905528;-7.784363;-9.191764;-12.364226;-6.221865;-5.824113;-7.670232;-6.851962;-11.089545;-10.399996;-11.665300;-8.535965;-6.972696;-9.209999;-9.289084;-8.234205;-14.004991;-13.506713;-9.943819;-6.660601;-6.251799;-5.145056;-5.837043;-8.192615;-10.854483;-16.087753;-13.794160;-7.292668;-5.666033;-8.060102;-3.544732;-5.207565;-8.775250;-8.670758;-11.011592;-9.961533;-7.006139;-7.950814;-12.592459;-4.137892;-5.378471;-6.487238;-7.830631;-9.094769;-6.167194;-7.632438;-8.586807
74_BL_02.set;80;1.033804;-0.114123;0.398825;0.626628;-0.253919;2.233700;1.525541;-2.143158;-4.065699;-3.826385;0.109042;1.170223;1.345145;0.181787;-3.802749;-7.093699;-8.661245;-6.371567;-3.202413;-0.037291;3.118974;-0.579677;-5.523336;-11.913243;-8.177355;-7.544468;-0.475258;2.238333;3.178609;-0.036191;-5.020073;-11.702808;-26.401247;-12.410114;-4.797532;-0.877736;1.292236;3.922016;1.503617;-1.865529;-5.044059;-9.413530;-10.675459;-3.157264;0.390284;0.500554;3.968919;0.578898;-4.299994;-1.094737;2.091713;2.015807;-0.164123;1.312814
74_EV_01.set;80;-5.017860;-4.140708;-4.684351;-4.918405;-5.297405;-4.549726;-4.402869;-6.499214;-6.427065;-7.147015;-6.232301;-3.640858;-3.421751;-6.007117;-6.294584;-9.986707;-9.109193;-9.709874;-6.619182;-4.763302;-4.627015;-7.921310;-9.072590;-13.504089;-12.921377;-8.194701;-5.037331;-2.524669;-3.598680;-6.411736;-10.506443;-12.563718;-15.868413;-12.336414;-6.629505;-4.189812;-3.927049;-4.146208;-6.406281;-14.780723;-11.117419;-11.603023;-9.308016;-5.873097;-4.730293;-4.778240;-4.656020;-6.824124;-6.400296;-5.302660;-4.100101;-5.680012;-3.990595;-2.991440
74_EV_02.set;80;-0.137228;-0.933540;-0.381025;-1.012540;-1.650355;0.887215;-0.344612;-3.031383;-4.070756;-3.918870;-2.524931;-1.960291;-0.428089;-1.387884;-5.196021;-6.685985;-7.072196;-6.238917;-5.292371;-3.066377;2.450240;-1.894318;-7.549768;-11.725145;-9.382063;-9.071570;-4.143897;-1.189626;2.786064;-0.597504;-6.419920;-12.469145;-25.432726;-14.392826;-12.040008;-6.398578;-0.780034;3.440147;1.389443;-2.052997;-5.486026;-10.159053;-12.827563;-6.105625;-0.923715;-0.710052;4.604538;1.599517;-1.939817;-0.753229;2.640370;3.588659;1.948469;3.001438
74_T1_01.set;80;-4.211518;-3.351259;-3.956721;-4.944836;-5.339008;-6.502043;-5.036310;-7.017024;-6.356606;-7.086113;-6.428879;-3.775423;-3.204899;-7.670245;-6.871760;-10.390398;-9.493926;-9.600333;-6.476935;-4.235476;-6.078863;-12.157123;-9.683932;-14.475173;-12.191237;-8.385419;-4.820392;-3.357120;-4.947936;-7.881059;-10.541992;-12.502214;-16.088245;-12.652684;-6.794669;-4.763967;-3.799611;-4.282493;-6.882420;-15.379554;-11.332708;-11.408187;-8.676170;-5.801255;-5.198907;-4.655777;-2.813177;-5.288249;-6.270190;-5.601077;-4.255004;-1.439774;-3.214096;-3.419014
74_T1_02.set;80;-1.184644;-1.891173;-0.983001;-2.131680;-2.685162;0.471905;-1.060801;-3.499915;-4.383451;-5.375729;-3.782783;-3.249617;-0.938899;-1.442969;-5.017820;-6.641641;-7.879907;-8.719367;-8.154967;-4.298556;2.160920;-1.522764;-6.702828;-10.672507;-15.018106;-14.639801;-5.078310;-0.806677;2.975878;-0.283804;-6.259254;-12.787795;-25.156955;-14.478934;-8.511303;-5.282043;-0.016136;4.150781;2.007963;-1.951963;-5.149252;-9.364971;-11.554663;-4.621980;0.100773;0.265958;4.752529;1.933903;-1.339935;0.040333;3.267859;3.537709;2.193136;3.390420
