Freq. Range[5.000000e-01,3.990000e+00]
Name;#Ephocs;FP1;FPZ;FP2;AF3;AF4;F7;F5;F3;F1;F2;F4;F6;F8;FC5;FC3;FC1;FCZ;FC2;FC4;FC6;T7;C5;C3;C1;C2;C4;C6;T8;TP7;CP5;CP3;CP1;CPZ;CP2;CP4;CP6;TP8;P7;P5;P3;P1;PZ;P2;P4;P6;P8;PO7;PO3;POZ;PO4;PO8;O1;OZ;O2
65_BL_01.set;80;10.571467;4.154214;5.394106;7.067538;3.739993;8.652152;7.844977;6.062833;6.300251;3.027428;3.785180;2.339269;5.541303;7.022731;10.554319;3.381930;3.985957;4.380036;-0.802561;1.901949;5.614563;7.709699;7.552972;6.962356;-4.218757;3.362671;3.489195;6.389411;6.144167;5.276249;8.212547;-2.244954;0.148367;11.982819;2.413793;-0.201893;5.360881;8.736094;5.838923;8.143676;2.440562;6.257158;7.673204;5.258054;6.039577;9.944938;8.350363;6.039018;0.896298;5.285628;7.981172;7.172424;6.185830;6.412463
65_BL_02.set;80;0.113040;0.322757;0.575014;1.929484;0.740435;1.885392;0.254636;-1.188031;-1.832146;-2.218878;-0.554474;1.495244;4.637082;-0.583371;-4.133023;-6.007065;-7.378838;-7.078684;-3.141347;-0.825339;0.855665;-2.478172;-7.577273;-10.111817;-11.224709;-6.431188;-1.827757;0.773406;-0.455593;-4.069486;-7.973699;-0.423880;-16.986863;-11.063334;-5.329216;-2.876418;0.630478;-0.530576;-3.474767;-5.508020;-6.392274;-12.522986;-6.256786;-4.798625;-1.602716;1.123391;-0.087187;-2.750530;-2.756019;-0.930325;1.695812;-0.514769;-0.524317;0.677450
65_EV_01.set;80;9.923892;2.638278;3.695429;6.034830;3.111671;7.398895;6.575835;4.222020;4.912584;2.059998;4.006128;4.489090;6.514801;4.858624;6.759376;1.161598;2.456829;3.003656;-0.765796;1.483291;4.277522;4.832455;4.745655;5.077490;-5.322594;2.411155;1.223702;3.960766;4.948426;2.839082;5.130549;-3.794636;-1.563891;4.344644;0.034544;-1.436266;3.448464;6.700481;4.189927;6.958009;0.905244;4.954567;4.658294;4.510818;7.058451;7.992389;6.210902;5.254156;2.147786;6.174700;5.677006;7.225644;6.019151;7.324820
65_EV_02.set;80;2.882748;0.170111;0.840728;-0.579422;0.733163;-1.766082;-2.033794;-2.230441;-2.252047;-2.911685;-1.758889;0.308981;2.436260;-3.182831;-5.729066;-6.699541;-7.457632;-8.083200;-4.286126;-2.344737;-0.125702;-3.589942;-7.763936;-10.002970;-9.795479;-7.522409;-3.354932;0.526714;-0.885483;-4.528195;-7.631797;-5.143287;-16.512152;-11.706978;-7.720836;-4.684688;-0.574482;-0.786202;-3.762203;-5.270678;-6.317608;-12.354483;-7.333414;-7.279512;-3.747847;-0.467060;-0.410489;-3.190037;-3.001458;-2.060888;0.538714;-0.096319;-0.604428;-0.024924
65_T1_01.set;80;8.489731;3.042348;3.670757;6.126384;3.349841;6.877657;6.031031;4.214739;3.718248;2.893989;2.670104;4.039280;5.538289;4.257506;2.619906;1.040808;0.190240;0.275700;-1.603903;1.478675;4.509742;4.419914;4.195981;3.703989;-5.695191;1.296282;1.398508;4.940343;4.668951;2.308687;5.686890;-4.356379;-4.696244;0.605994;-1.258073;-1.778334;2.367768;6.627084;3.394782;4.216494;-0.034970;3.058568;2.459078;2.879621;4.142453;7.193811;5.144102;4.763727;0.335289;2.259597;5.943688;5.971065;4.375314;5.176090
65_T1_02.set;80;16.109065;16.371187;18.235319;10.226884;13.163980;3.398298;4.773905;3.493892;4.866648;5.243400;6.478462;7.933775;7.689418;-1.233734;-3.312745;-2.623173;-4.809331;-5.982023;0.046647;1.611891;1.903808;-1.239451;-6.815431;-6.740113;-10.034338;-4.506389;0.523015;4.642355;3.203540;-0.882078;-3.049914;-4.661189;-6.599136;-8.221690;-4.404184;-0.822088;3.810227;2.473064;0.016163;-3.267796;1.694100;-5.280606;-2.781906;-1.443212;1.468258;3.649816;3.347826;0.544851;0.640865;1.426700;4.987031;4.475296;3.519238;3.838503
66_BL_01.set;80;13.444122;10.860384;10.361725;8.453543;5.509383;6.524730;11.114774;5.557731;3.346341;2.456625;4.834460;4.797796;8.345296;7.104130;1.457451;0.845552;-3.122607;-1.120978;1.019886;5.085220;5.857247;4.897039;1.171249;-3.769316;-3.280385;-2.714817;-2.992138;9.825865;0.290409;-0.002038;-1.447596;-5.131870;-1.344256;-6.314678;-3.193442;-1.202917;6.134313;0.075600;4.041361;-3.775840;2.878768;-3.070759;-4.106886;-1.777588;-2.419008;-0.327106;2.408170;5.679658;0.338287;2.402107;0.991268;4.262324;4.442804;3.958442
66_BL_02.set;80;4.435617;4.667476;5.493952;3.370937;3.989395;7.864239;6.455483;4.195501;2.129949;2.922190;6.619789;2.933833;7.024106;3.002232;4.313977;-5.606022;2.634322;3.398580;0.925267;9.146779;5.010677;6.013748;2.364296;-7.145714;0.532565;-0.587642;2.143649;5.437521;5.718052;7.790434;6.039880;-1.776194;-24.379363;2.181529;-6.706556;-0.333846;3.078394;2.399902;4.635662;5.478425;0.650328;0.730335;2.393252;8.202637;6.297177;0.125483;3.238432;7.039398;5.793231;7.300657;1.453137;4.456609;1.281773;1.095386
66_EV_01.set;80;13.443916;11.626357;11.504434;8.105290;7.434346;6.340076;4.941706;5.181445;1.560437;1.268764;3.981488;5.709369;6.036067;2.816014;-0.611216;-1.601566;-0.573238;-1.147427;-0.523993;1.546742;4.742231;0.283180;-3.038830;-4.849407;-5.474249;-2.646845;-1.637003;3.857374;2.952311;-0.459302;-2.788716;-5.402142;-3.837041;-6.387636;-4.860309;-1.931084;2.427801;3.224476;1.597273;-2.231512;0.105231;-3.612338;-0.167561;-1.954461;-0.466045;2.474672;4.002004;2.246934;1.092843;1.235982;3.239454;4.203250;4.023472;3.629508
66_EV_02.set;80;7.150546;6.140823;7.632217;5.512604;4.129038;7.398476;6.075397;3.601888;1.741254;2.255523;5.371313;3.497924;6.558387;1.675798;2.127903;-2.539306;3.385206;1.271263;1.186294;6.917374;4.571058;4.895856;0.874764;-8.649364;-1.800468;-1.905459;2.348945;4.802767;4.444393;5.815458;4.417197;-4.243216;-24.266068;0.048159;-7.657880;-4.150902;4.491141;3.120167;4.096921;4.513489;-1.884756;0.113603;2.766119;6.195643;4.360147;2.285445;4.914288;4.869661;5.701525;6.574724;2.267596;4.297698;1.967027;1.930464
66_T1_01.set;80;14.355095;12.334626;12.596638;7.578269;8.441178;6.288493;4.637146;4.637622;2.942465;1.691105;3.689940;5.956403;6.979516;2.615111;-1.017075;-5.895944;-1.968914;-1.825463;-0.888046;1.596189;4.252640;-0.726375;-3.928203;-6.108077;-5.617128;-3.829622;-1.653467;4.064718;2.289088;-1.252764;-3.818637;-5.476479;-5.325986;-6.628441;-5.673802;-2.362147;2.646904;2.407355;0.559351;-2.073992;-1.050152;-3.916829;-4.104231;-2.461158;-0.585798;2.481672;3.625951;1.573120;0.070456;0.803417;2.982055;3.694427;3.378750;3.170521
66_T1_02.set;80;9.989518;6.769733;6.260014;5.136538;2.076955;7.759768;6.003002;3.063157;1.812032;2.258652;3.897746;3.167852;7.716552;2.708253;1.239874;-2.049183;5.606506;0.396900;0.011376;6.104138;5.459450;4.100804;-0.976381;-7.953302;-3.160236;-2.116226;3.390346;6.447589;5.052435;5.902866;2.551242;-6.170400;-23.458038;-1.017261;-7.162896;-1.414533;5.881223;3.470281;2.932481;1.525042;-2.799127;0.503928;2.787367;6.026600;3.965480;0.739991;3.901845;3.301863;3.891235;5.306265;1.631820;2.639681;1.246954;1.234297
67_BL_01.set;80;-1.291400;-2.388486;-4.501604;-1.435250;-0.728152;-0.587079;-0.621017;-0.990339;-3.727541;-8.332955;-8.641848;-8.326928;-8.062450;-2.128441;-2.594740;-1.955436;-5.540254;-9.166285;-9.206491;-8.806427;-1.469794;-2.902323;-6.897587;-9.933403;-6.166458;-6.336950;-4.960268;-4.705436;-0.319636;-2.211388;-6.575956;-8.137378;-8.160158;-5.702227;-6.515997;0.281530;-1.038706;-2.602731;-2.826307;-3.072360;-3.196498;-4.830628;-0.702185;3.234518;-1.817504;-1.864320;-2.640866;0.027016;-1.497372;-0.228303;0.433528;0.033334;0.104228;-0.005931
67_BL_02.set;80;3.868086;5.175817;6.270323;5.025645;4.915338;6.106282;4.166171;2.841983;1.918992;2.206706;4.091284;4.434541;6.406679;2.498759;0.801236;-0.937328;-0.611028;-0.398353;2.194647;3.336696;3.633111;0.340787;-0.126523;-8.345635;-6.455968;-3.659922;0.780212;3.073350;2.932444;0.002582;-2.826280;-7.775204;-21.805133;-8.660861;-5.525363;-0.963402;2.594275;2.713098;0.111713;-1.064831;-2.009998;-3.786516;-4.484484;-1.879624;0.645878;2.633190;1.596534;2.083038;-0.121112;2.197829;3.148138;2.960189;2.157883;2.788847
67_EV_01.set;80;-0.131167;2.305981;3.605773;-0.462771;0.989625;-0.410874;-1.043212;-1.461753;-2.760706;-1.959146;-1.873848;-1.612681;0.301832;-1.586758;-3.428753;-3.042178;-5.999647;-0.901959;-0.875527;-0.603128;0.796221;-3.546999;-5.270937;-9.041223;-6.510623;-3.481206;-1.817839;-1.505528;0.753082;-2.615725;-7.121179;-8.146394;-7.878997;-7.096927;-5.400473;1.062167;-0.019937;-3.168236;-3.830056;-4.036453;-4.293520;-5.037860;-3.387319;-1.403705;-2.940729;-2.899280;-2.989131;-0.705792;-2.002862;-0.026052;0.498078;0.208900;0.807305;0.327571
67_EV_02.set;80;8.618996;6.910198;7.473026;6.897942;6.587796;7.978359;5.104202;4.075659;1.824700;0.959599;2.131397;3.568014;5.841586;2.838714;1.164599;0.533769;-0.629270;-1.172183;3.762172;4.505925;4.545774;1.042780;4.392532;-4.810654;-4.767448;-3.711238;1.751831;3.714183;4.132729;2.986806;0.349678;-0.761268;-12.660769;-5.657745;-2.752876;0.440179;3.712752;4.602000;1.509240;-0.641331;-2.239683;0.010299;-1.263151;-0.663522;2.429722;4.889373;6.602516;2.574726;1.836286;4.417397;8.315771;8.329678;5.160210;7.869339
67_T1_01.set;80;-0.417468;1.756327;2.053988;-0.691787;-0.420260;5.038391;0.944697;0.147122;-2.978280;-7.975500;-8.032263;-7.971817;-7.214200;0.568214;-2.952359;-4.076517;-5.760190;-8.474353;-8.536496;-8.125574;2.003298;0.546751;-3.528146;-7.878685;-5.685206;-5.186336;-3.128574;-2.526805;1.977399;-1.431155;-5.660094;-7.740593;-7.738540;-7.310427;-4.521189;-2.495328;-1.241906;-1.066379;-3.253478;-3.937990;-4.266657;-3.710547;-3.776724;-2.267683;-1.459575;-1.561610;-0.504458;0.077389;-1.598931;-0.022342;0.582762;1.347975;1.362140;0.430219
67_T1_02.set;80;3.039139;5.233106;5.975240;7.458196;3.688448;7.442676;5.396433;4.556147;2.578661;-0.710300;1.379778;4.012799;6.806416;3.722044;2.013784;0.208183;-0.651978;-0.761677;0.836378;3.119033;4.385702;1.550933;2.963683;-5.741825;-5.660028;-3.635906;0.996105;5.472862;3.832449;0.865053;-2.125772;-6.643572;-10.056171;-6.228912;-1.747161;0.755994;4.484152;4.214293;2.444310;-0.000170;-1.305165;-2.923895;-2.275758;1.294484;3.046817;5.560599;5.692951;2.860886;1.119592;3.625148;6.607418;8.341506;5.507752;6.791942
68_BL_01.set;80;14.143606;12.506680;13.443341;11.601723;10.004278;11.557039;10.454069;8.056314;7.855483;5.982967;7.038893;10.011059;12.064987;6.608278;4.866111;4.017841;3.259277;4.427458;5.051528;7.067268;7.828931;5.067311;3.598729;3.317939;2.982191;4.218321;5.561461;7.700200;6.210006;4.138749;3.138709;2.565886;5.730620;9.256463;4.295369;4.941742;6.692725;5.106243;3.549726;2.781423;3.301467;2.829538;3.355438;4.266941;4.021259;5.620785;5.774415;4.649714;7.188942;4.430621;5.370154;4.507672;4.897238;5.276328
68_BL_02.set;80;6.319380;6.620638;6.411109;4.412569;4.115438;6.917391;5.368126;2.994730;0.393798;0.495996;2.567938;4.390417;5.927062;3.188310;0.091596;-4.998599;-3.871065;-2.013490;-1.536584;1.270822;4.350296;0.882022;-3.106679;-6.042699;-7.882349;-4.767689;2.114478;2.975900;3.919762;0.759652;-4.086443;-8.956478;-24.467559;-9.376607;-4.411134;-0.542703;0.385892;4.721911;1.693823;-1.583679;-4.773140;-5.769287;-3.475021;-0.952562;5.620760;4.070068;5.141171;1.751622;0.536999;3.347193;6.186009;5.401981;5.278335;5.924262
68_EV_01.set;80;18.513515;16.182820;16.280986;13.429123;13.240804;11.293141;10.660239;12.895967;8.842330;6.752134;12.969918;10.662501;11.750836;3.044775;1.697827;8.467940;-1.376235;8.355204;0.324057;3.587468;4.909589;0.080616;1.881071;-0.029993;5.739159;-5.415163;-1.512030;6.496212;5.842169;-0.190003;10.428534;-8.168515;4.375926;5.732210;-6.011737;-1.727849;1.735611;4.992359;2.883455;5.897967;11.780998;12.527398;-2.135381;7.080335;2.798291;1.791008;4.367621;10.910532;8.877183;-0.858533;6.444318;1.901966;1.928045;1.878120
68_EV_02.set;80;6.936653;6.220080;5.043446;4.129719;2.445646;4.880964;3.418435;1.657192;0.502342;-1.278703;0.460555;1.920853;3.352557;0.861501;-1.363276;-2.648316;-4.313907;-3.762904;-2.931555;-0.191893;2.914410;-1.065912;-4.971941;-6.882439;-9.572895;-6.086973;-1.160987;1.766994;2.658981;-1.314094;-6.497370;-10.627808;-23.659410;-11.078868;-5.735243;-1.756623;0.367081;4.107959;0.574445;-2.880668;-6.989289;-5.849887;-3.067721;-2.878014;4.996668;4.214663;5.136717;2.735083;2.229191;4.202376;7.366797;5.890124;6.931602;7.493422
68_T1_01.set;80;8.425224;5.689604;5.250483;3.478842;3.251735;2.838856;1.511162;0.336824;0.511956;-2.080984;-0.146267;0.633852;3.954699;-0.376379;-3.687721;-3.736024;-6.160438;-4.035074;-3.730652;0.224626;2.650834;-1.615674;-5.437161;-9.631972;-9.011859;-6.624722;-2.511652;1.607782;1.797274;-2.549057;-6.287238;-9.105801;-19.833393;-11.576631;-7.308397;-2.086354;0.824094;1.181355;-1.528087;-4.438936;-2.038888;-3.109707;-6.759453;-1.574361;-1.828689;-0.051878;2.749024;0.156017;-0.637471;-1.864379;0.540202;0.314977;0.248571;0.584006
68_T1_02.set;80;3.547831;3.764685;3.118927;2.474154;1.299501;4.732778;2.380866;-0.306484;-1.808332;-2.263107;-0.344524;2.035909;4.518556;0.739577;-0.781104;-4.811224;-9.184349;-4.330341;-3.493504;-0.533779;3.031189;-1.608666;-5.592520;-7.868666;-10.075676;-6.696817;-1.332298;1.984706;2.797291;-1.341720;-6.625474;-10.803493;-23.477028;-11.504299;-6.471953;-2.062548;2.228300;3.432183;-1.111417;-3.251173;-7.014767;-6.018783;-5.248297;-2.458924;5.125310;3.415470;4.663575;4.390250;2.409942;3.762632;6.399834;5.507854;6.206889;6.939830
69_BL_01.set;80;2.037831;-0.296011;1.078892;2.911664;0.533037;4.201514;1.243467;-1.673948;-3.623477;-2.330345;-1.685629;2.158780;3.003692;-0.523921;-4.379502;-4.371575;-5.459958;-4.618826;-2.926002;-0.815718;2.563249;0.086872;-5.570046;-10.087740;-6.379666;-4.406826;-2.697196;-0.360142;2.876693;-1.396690;-4.137690;-10.980988;-11.227682;-8.173897;-4.606097;-3.414035;0.567892;2.448409;-1.183217;-2.299364;-5.202025;-5.601607;-9.157758;-4.500311;-0.581392;1.984913;2.961821;1.079478;-0.317217;-0.220649;3.910997;1.839406;0.720901;3.143460
69_BL_02.set;80;7.276843;8.552162;3.894555;4.080473;5.273968;3.134409;1.992525;8.524749;6.811599;7.117001;4.900055;7.566871;7.263502;-0.659885;6.745698;9.718875;5.074437;11.192130;3.783372;4.480250;1.447695;0.082732;5.598857;7.048405;1.748042;-2.202552;4.426300;6.742908;5.211874;-1.726391;-4.568658;-5.409210;-8.011004;-5.746809;-1.405572;-0.080543;6.087630;9.470545;3.815373;4.123951;-3.309161;-3.473383;1.838687;5.341468;8.885723;7.277399;8.024165;6.982284;1.577870;4.621482;3.612688;6.005605;4.869088;1.904011
69_EV_01.set;80;6.837645;5.364344;4.614826;7.714911;7.104498;7.026168;11.238387;4.366101;-0.458300;0.029606;0.693484;6.826119;7.657082;0.721875;-2.121234;2.817500;-5.212920;12.806402;1.659770;4.498084;5.717269;3.851458;8.771087;8.028256;-4.053460;9.312430;5.934278;5.080533;2.831192;1.069331;-4.766842;4.415690;10.167362;-0.876317;13.490137;4.969803;5.002567;6.174568;4.550441;-1.333489;7.830202;2.195840;5.656461;3.270346;3.922191;4.560139;8.432438;3.609116;0.712564;0.985090;6.663028;4.686129;4.643183;5.423149
69_EV_02.set;80;8.658764;10.198799;7.547890;5.995780;5.506363;1.707991;0.429190;-0.279084;-0.874363;0.858416;-0.971353;3.137144;1.012610;-3.500733;-4.737606;8.225240;-2.686197;0.233745;-3.490581;-1.725890;-0.962673;-6.418157;-7.016854;-7.560935;-7.678826;-2.623023;-2.204273;0.718401;-0.243995;-2.971211;-5.552451;-5.559342;-7.102711;-5.204592;-3.072658;-1.281257;0.964555;1.161932;-0.545605;-1.246003;-2.312053;-2.025054;-0.795255;-0.488061;0.662443;2.329456;2.889655;2.402975;2.678518;3.428692;4.299926;3.833883;4.272418;4.682524
69_T1_01.set;80;7.748015;5.314842;4.174073;4.978738;1.407977;4.700904;2.874462;0.124799;-1.741462;-2.150066;0.536946;2.344060;6.477082;0.743936;-3.204584;0.926674;-4.844941;-2.918488;-2.021998;3.987946;2.916082;-0.909723;-2.870394;-7.056820;-7.638197;0.450953;0.559256;3.452324;2.637096;-1.141055;-4.063913;-8.138460;-10.127028;-8.442658;-0.733529;-0.162465;3.289501;3.149963;0.344223;-1.103142;-4.128861;-3.813489;-2.690399;-1.905232;0.655124;4.220356;5.400217;1.550594;1.565104;1.171426;5.233657;4.400031;4.008024;5.462768
69_T1_02.set;80;10.190513;10.430334;10.636213;6.511786;6.107795;1.219990;-0.433769;-2.234252;-0.857632;1.368208;0.391391;3.269205;2.503232;-3.422157;-5.794057;8.356154;-3.116982;0.460349;-3.379276;-1.638979;0.335708;-4.150750;-11.154724;-8.508583;-7.444761;-3.711949;-2.420129;0.641225;0.691037;-2.375932;-5.798494;-6.570795;-7.116276;-5.829987;-3.337577;-1.688570;0.823334;1.645104;-0.268539;-1.423297;-1.904961;-1.746992;-1.045722;-1.372485;0.312970;1.885409;3.057465;2.095601;1.863390;2.559482;3.649092;3.735132;4.022433;4.257386
70_BL_01.set;80;5.767101;0.773915;4.278941;4.756267;3.594493;9.203320;5.599490;0.936734;-1.716255;-1.767893;1.217868;5.882694;8.720284;3.372885;-2.760574;-4.643444;-7.128645;-4.757510;-1.424998;4.391435;4.111451;1.319069;-4.225170;-9.644864;-10.523298;-4.143358;0.996952;4.859123;1.645480;-1.098875;-5.165796;-10.679949;-22.988093;-10.134381;-4.977558;-0.975115;3.655189;2.661522;-0.667478;-3.263541;-5.774676;-6.183616;-6.491893;-3.113704;0.058435;3.001434;2.376308;-0.775018;-1.296420;-0.833225;2.910058;2.490503;1.906792;2.104078
70_BL_02.set;80;9.741298;9.627397;9.767535;8.928012;8.026522;10.247036;8.462523;7.024781;6.047500;5.938700;7.107246;8.020596;10.737301;7.837976;5.558757;0.829067;1.486695;2.273144;6.730064;8.275579;9.834357;6.486703;3.321985;-2.243473;-5.847254;5.452756;7.835590;10.298709;9.429349;6.716057;4.022510;-0.459173;-0.257197;-0.214915;5.554096;8.196195;9.813257;9.360079;8.406604;6.509849;4.985848;5.621475;5.246234;8.023432;9.616085;10.063112;10.241764;9.662381;8.498596;10.710108;11.256106;9.865515;9.868805;10.588796
70_EV_01.set;80;-0.692003;1.463571;3.386533;-2.823117;-2.032463;1.814989;-0.757676;-3.559683;-4.962027;-5.082584;-3.976175;-1.042554;1.238499;-1.121302;-6.740494;-7.934051;-9.429782;-7.948598;-6.539871;-1.439741;1.270012;-1.498915;-8.307016;-12.537365;-13.277989;-9.200613;-3.809975;0.704857;0.411683;-3.913315;-8.753707;-13.660354;-21.182784;-11.560470;-8.410911;-4.699096;-1.238693;0.325342;-3.604935;-6.211788;-8.515520;-8.472062;-8.949946;-6.628379;-2.788760;0.355901;0.012584;-3.428610;-2.939988;-2.128734;1.643624;0.574267;0.610119;0.972542
70_EV_02.set;80;12.081961;11.793726;12.026804;10.041903;9.071212;10.863673;8.649032;7.358020;6.688522;5.672572;6.294225;7.697933;9.985906;7.270605;5.212917;2.628486;4.029591;2.300284;5.062409;5.589991;8.606074;5.204126;1.804607;-0.683163;-3.533888;4.491747;3.567905;7.539956;8.344906;5.545795;1.590173;-6.128212;-1.259569;-8.832671;1.100016;2.311630;6.457014;9.427245;7.027097;5.157538;2.387150;3.557830;3.010068;5.133069;6.726804;8.285691;9.694760;8.552176;6.970836;9.111735;9.578773;8.825924;8.356315;9.164851
70_T1_01.set;80;-0.043812;0.004094;0.933527;-2.310348;0.774320;-0.298085;-2.300227;-4.513263;-5.505031;-4.499076;-1.967217;1.803894;4.690754;-2.057866;-6.929575;-8.635420;-9.848075;-7.636561;-5.100679;0.322007;-0.187822;-3.162873;-8.457374;-12.994458;-12.801208;-8.094165;-3.156266;0.579261;-0.683566;-4.761186;-8.706205;-12.959145;-21.640657;-11.452724;-7.432740;-5.568013;0.010012;-0.748751;-4.069437;-6.955497;-8.044779;-8.106416;-8.685258;-6.105671;-2.984203;0.037521;-1.713762;-3.687435;-3.367668;-2.869564;0.387338;0.128360;-0.312598;0.074775
70_T1_02.set;80;13.150095;13.308347;13.827715;10.365306;10.597608;10.038698;8.341035;7.624004;7.513237;7.441344;8.285239;9.204444;11.143590;5.922657;5.859053;4.219857;4.823231;4.754783;7.934563;7.005846;6.121936;3.789887;1.175120;1.188313;-0.700146;10.230837;5.620281;7.612701;5.249915;2.697706;1.834372;-0.802411;-3.022523;-1.374916;3.093674;4.518433;5.914629;5.500889;4.885775;4.460846;3.207541;3.278084;4.699709;3.967020;4.230522;4.572485;6.183893;7.066394;5.683601;6.406758;5.300373;6.796418;5.129875;6.401514
71_BL_01.set;80;6.551975;6.389323;7.382668;3.601167;4.567368;6.327771;3.724563;1.846751;0.273224;0.359443;3.249557;4.314279;7.648804;3.309795;3.257397;-2.797308;-4.507900;-2.721632;-1.196301;2.932198;5.181255;1.654374;-1.394614;-6.096703;-6.849068;-0.704370;0.591903;5.288097;5.359851;3.046707;-0.324128;-7.970740;-7.987264;-6.301655;-2.218160;1.508071;5.065231;6.578431;5.324160;3.604653;0.443062;0.336328;0.584386;0.902123;3.562272;5.815518;7.697699;7.177205;4.281418;6.753284;7.436942;5.798338;4.326594;5.619998
71_BL_02.set;80;1.062541;2.592848;1.375427;1.978362;-2.231859;1.138781;1.598428;-1.325303;-2.946980;-2.417664;-1.562884;0.073365;1.220088;-1.591966;-2.912530;-6.948561;-6.956479;-4.361453;-4.153991;-1.882089;1.075712;-2.123350;-2.637631;-10.402770;-7.320874;-5.102710;5.859126;0.399777;2.318791;-1.969970;-5.314736;-9.078750;-7.055368;-4.080755;-4.144274;-2.164573;-0.351729;1.489090;0.288605;-2.877255;-3.181201;-5.182090;-2.917739;-2.532303;-0.337480;1.525797;2.073904;-1.427407;-1.273951;0.052758;-2.079826;0.990388;1.744192;0.098839
71_EV_01.set;80;3.146165;2.385103;2.937993;1.914860;2.587380;6.437975;3.730923;1.770884;-0.054552;-0.208842;1.952547;3.081990;6.552518;2.466055;1.335657;-2.581768;-4.089340;-3.266642;-2.278084;2.330257;5.279253;1.301339;-2.074657;-8.237634;-8.377924;-3.192060;-0.278363;4.768384;5.117198;1.970871;-1.255237;-5.501714;-8.232834;-6.925458;-3.230561;0.311770;4.283672;4.911487;3.456073;1.101470;-0.110590;0.317174;-0.505719;0.383423;1.998941;4.695260;5.911350;4.037560;3.299687;3.825755;3.605202;5.108458;3.324801;4.319892
71_EV_02.set;80;2.322130;3.281359;3.007838;6.538433;1.234129;3.089615;0.600439;-2.050844;-2.859424;-1.050808;0.406413;2.531918;5.565719;-2.397006;-3.544692;-6.340816;-5.182881;-3.225194;-2.337307;-1.053372;0.629158;-1.950523;-3.760288;-9.977899;-8.183450;-5.545714;6.007640;2.134112;1.242814;-2.600910;-5.340419;-9.265319;-6.979137;-5.606356;-4.166491;-2.702402;0.915434;1.940137;-0.753152;-6.377389;-3.962251;-4.146800;-3.200097;-1.915568;0.890392;2.491122;1.460265;-0.139078;-0.500161;0.727996;0.670205;1.783365;1.993267;2.152496
71_T1_01.set;80;6.735260;6.428278;7.543591;3.408598;4.446851;6.841512;4.051790;2.133162;0.537848;0.119727;2.362579;3.906976;7.763356;2.380097;0.967764;-3.077104;-4.348515;-3.787764;-2.358428;1.771000;4.989548;0.573496;-2.675344;-8.589698;-8.568354;-1.686486;-0.049846;4.995252;4.784099;1.395000;-3.073973;-11.780499;-9.018390;-6.846605;-2.563466;1.097002;4.359218;5.300137;3.181718;0.855135;-0.846615;-0.441620;-0.563245;1.308496;1.867071;5.192253;6.279054;4.102361;2.665217;4.037503;4.205296;5.325015;3.517345;4.587961
71_T1_02.set;80;6.867787;4.127578;2.475748;5.420126;1.330281;5.016877;1.735566;-0.136708;-1.348812;-1.495586;0.750150;1.766792;5.013701;-0.555030;-2.311046;-4.903329;-6.626273;-2.318600;-1.587892;-0.614738;1.522122;-0.481493;-3.695405;-7.216360;-6.000315;-5.603700;7.681775;2.243689;1.728587;-1.490830;-3.029286;-7.446538;-6.326590;-7.285535;-2.812575;-2.525187;0.381339;1.230755;-0.414072;-2.948521;-3.253914;-4.678621;-4.716164;-1.382180;0.166521;1.533625;1.051418;-0.935289;-1.527264;-0.234709;1.465565;-0.174932;0.622627;1.074676
73_BL_01.set;80;4.430438;4.588710;4.282450;4.147811;3.263452;5.576119;3.543491;2.196582;1.809664;1.742202;2.276120;4.336109;6.842652;0.763946;-1.021318;-1.646008;-1.303524;-0.763365;-0.245720;1.772286;2.617412;1.122199;-5.505743;-7.730194;-7.749788;-3.832205;0.263801;3.259317;2.008060;-2.299115;-8.845533;-14.121492;-10.018573;-8.962092;-4.537977;-2.007392;1.792841;3.706688;0.994330;-1.975804;-3.642371;-2.985156;-2.949853;-0.697644;1.649148;4.039139;4.156569;2.344995;1.818920;3.912244;4.769550;3.448706;3.275844;4.206255
73_BL_02.set;80;6.532836;4.373625;3.143844;2.790575;1.684077;4.012961;2.383297;1.361152;0.321346;0.068268;1.224697;2.892736;5.065163;0.083823;2.038750;-0.972121;-3.026218;-1.742676;-0.727496;3.793507;1.969464;-0.511444;1.447318;-3.626688;-3.324016;-1.986842;0.417509;2.893826;1.880555;-0.927398;-2.517452;-4.644849;-4.764686;-2.683891;2.909583;0.014987;2.420348;2.214504;-0.146308;-1.763775;-2.169832;-1.748463;-1.440691;-0.515171;1.265963;2.586333;3.023871;1.618083;2.388558;1.253700;3.791574;3.483377;3.490367;4.462781
73_EV_01.set;80;5.616269;6.081799;5.063640;4.856194;2.752183;5.561387;3.386337;1.781541;1.004800;0.635132;1.198798;2.742021;6.137196;0.746682;-1.653876;-3.146579;-1.839594;-2.352252;-1.304108;1.242949;2.985726;0.001306;-4.833465;-8.174899;-8.782237;-4.641526;0.562627;4.556197;2.806490;-0.081938;-4.323161;-7.980283;-11.382363;-8.933419;-4.823174;0.015048;3.138757;3.516399;2.084365;-0.113532;-1.636206;-2.464213;-2.793840;-0.289508;2.037233;3.076958;4.213900;3.152722;2.546889;4.025763;4.407593;4.279126;3.300157;4.035839
73_EV_02.set;80;9.324143;7.329542;7.672742;4.043457;4.066105;3.593394;2.040422;2.324888;-0.000600;0.177453;0.949340;2.405936;1.534103;-0.930669;0.292243;-2.826211;-3.285804;-3.250821;-2.464721;3.619450;1.073058;-1.728434;-1.032832;-5.253084;-5.193804;-4.234571;-1.747278;1.283666;0.817585;-1.650367;-4.173293;-6.047104;-7.043946;-5.961124;3.419083;-0.798860;1.360828;1.271570;-1.035293;-3.112814;-4.349528;-4.351165;-6.324124;-2.212051;0.233897;2.169519;1.467211;-0.978171;-0.740664;0.671663;3.762126;2.429399;2.312710;4.154965
73_T1_01.set;80;6.800110;7.821531;6.437553;5.603908;3.401894;4.491455;2.770312;1.222032;0.531142;0.289800;1.280272;3.092232;6.847750;0.003933;-2.038986;-3.483103;-2.372884;-2.578478;-1.401488;1.320773;1.859088;-1.453762;-5.667987;-8.944464;-8.523884;-4.312103;-0.766906;3.519520;1.856411;-1.052908;-4.657137;-8.452422;-12.078900;-12.178887;-9.985081;-1.845728;1.594743;2.494381;0.957707;-0.910682;-2.583483;-3.535902;-4.882579;-2.498396;0.744192;1.159342;3.106683;1.968594;1.050490;2.364756;2.723055;3.128718;1.775325;2.327736
73_T1_02.set;80;17.826037;15.999272;16.638451;10.966281;11.582931;4.737147;4.447863;3.196740;3.006215;1.950853;3.837700;5.803599;7.070268;-0.453912;0.327784;-2.157423;-3.580623;-2.141476;-1.660075;1.459685;1.719671;-1.740543;-1.831476;-4.752054;-6.103085;-4.652351;-1.956374;2.372301;1.631176;-1.778546;-4.286745;-4.807128;-2.946515;-5.784151;-0.077313;-0.567195;1.928841;2.273598;-0.043869;-2.559457;-3.509425;-3.383604;-3.121854;-1.804977;0.291032;2.720684;2.791472;0.049948;0.092247;1.124109;3.685029;2.925042;3.153320;4.169488
74_BL_01.set;80;0.499390;2.603173;2.327421;1.819661;0.836544;0.372025;3.008652;-0.985178;-0.515643;-1.312283;-4.470074;2.211690;2.748479;-1.680439;-0.374456;-5.144430;-3.593589;-4.835657;-1.327266;0.450712;-2.987694;-3.469868;-3.660963;-9.300297;-6.561057;-5.851631;-0.033698;0.475976;0.684562;-0.958053;-2.719516;-5.272580;-9.015762;-9.467711;-3.768906;-1.430205;-0.985313;0.628740;-0.217733;-4.414960;-3.229973;-5.391964;-4.705694;-2.328403;-2.503916;-6.228168;0.252363;-0.438445;-0.687742;-1.584965;-2.260381;-0.751820;-1.165369;-2.110677
74_BL_02.set;80;6.968507;6.418445;6.700519;5.555167;5.035320;8.829032;7.294939;3.523833;1.630468;1.546904;5.134015;6.111004;7.884491;6.289569;1.271988;-1.364844;-3.509120;-1.237799;0.741259;5.267994;8.437741;4.132719;-2.032099;-7.562167;-4.703135;-4.435884;4.053672;6.678608;7.257992;3.841287;-2.853802;-8.686455;-22.965952;-8.763234;-3.282923;1.928986;4.923848;6.991727;4.667074;1.227418;-1.195384;-5.065855;-7.239468;-0.938804;2.451708;2.655217;6.730565;3.852501;-0.225920;2.501607;4.789845;4.791656;3.473284;4.285916
74_EV_01.set;80;4.182889;5.189239;4.017337;4.457246;2.628652;5.248040;5.019310;2.078273;1.676394;-0.132942;0.849858;3.601771;5.095169;1.896397;1.567440;-3.037549;-1.486007;-3.327892;-0.566364;2.424169;3.071847;-0.642593;-1.458910;-6.615924;-6.772606;-3.550062;1.143658;3.389847;3.837467;0.458416;-3.022910;-4.992700;-6.208438;-7.078121;-1.927558;0.825165;2.487995;1.910197;-0.038710;-7.919587;-4.907140;-4.565271;-2.854607;-0.780155;0.571948;0.954330;1.654572;-0.326428;0.270656;2.408756;0.893386;0.338326;1.642880;2.336847
74_EV_02.set;80;6.365898;5.679332;6.503842;4.906517;4.593567;5.939382;4.817466;2.359710;1.398798;1.400619;3.175265;3.595325;5.432068;3.207898;-0.218046;-0.991008;-1.496711;-1.149478;-0.947077;1.963266;5.808104;1.713703;-3.603642;-6.954523;-5.641113;-5.711827;0.772913;2.902521;5.961373;2.335046;-4.561327;-9.050663;-20.745802;-9.497689;-8.499202;-2.713804;2.875637;6.474777;3.914182;1.016343;-1.056724;-6.380414;-7.742086;-1.785881;2.036383;2.241954;7.320721;4.766397;1.925764;2.732962;5.386350;6.265309;5.043413;5.638005
74_T1_01.set;80;3.721099;5.409499;4.009275;2.860299;1.916455;0.742400;2.850510;-0.001831;1.337625;-0.022495;-0.162704;2.597305;3.704655;-1.126990;0.044567;-3.578477;-1.998381;-3.620276;-0.994339;1.298607;-0.711735;-5.884167;-3.402378;-7.812185;-6.760942;-4.291560;0.379185;2.686544;0.708040;-1.765034;-3.983597;-5.453642;-6.269427;-7.620020;-2.439552;0.315128;1.775621;0.811617;-0.826657;-9.371997;-4.758012;-3.880469;-2.485153;-0.799404;0.214240;0.547763;1.782652;0.545609;0.809530;0.912287;0.823019;1.860592;1.595300;2.317257
74_T1_02.set;80;6.239567;5.523214;6.023794;4.533246;3.722059;6.408628;4.860190;1.970321;1.078019;0.328235;1.768595;2.355176;4.660241;3.833910;0.011027;-1.462226;-2.862437;-3.535472;-3.267683;1.534338;6.578283;2.618073;-2.809175;-6.715106;-11.117308;-10.944984;0.174084;4.068623;7.003305;3.092767;-3.816114;-9.093684;-19.782455;-10.211315;-5.783714;-1.583327;4.222202;7.815158;5.688450;1.680735;-0.527535;-5.037500;-7.429534;-1.018173;3.353254;3.537142;8.573397;5.745810;2.445842;3.568550;6.385711;6.850522;5.694780;6.387385
